time,open,high,low,close,PlotCandle (Open),PlotCandle (High,PlotCandle (Low),PlotCandle (Close),Gaussian Moving Average,Gaussian Moving Average,Gaussian Moving Average,,Volume,Short MA,Long MA,Cross,RSI,RSI-based MA,Upper Bollinger Band,Lower Bollinger Band,Regular Bullish,Regular Bullish Label,Regular Bearish,Regular Bearish Label
1606141800,9.75,9.82,9.7441,9.82,NaN,9.82,9.7441,9.82,NaN,NaN,NaN,NaN,5416,NaN,NaN,NaN,NaN,NaN,NaN,NaN,NaN,NaN,NaN,NaN
1606746600,9.82,10.8,9.72,10.06,NaN,10.8,9.72,10.06,NaN,NaN,NaN,NaN,219111,NaN,NaN,NaN,NaN,NaN,NaN,NaN,NaN,NaN,NaN,NaN
1607351400,10.1,11.39,9.9,10.35,NaN,11.39,9.9,10.35,NaN,NaN,NaN,NaN,953513,NaN,NaN,NaN,NaN,NaN,NaN,NaN,NaN,NaN,NaN,NaN
1607956200,10.49,11.04,10,10.34,NaN,11.04,10,10.34,NaN,NaN,NaN,NaN,204590,NaN,NaN,NaN,NaN,NaN,NaN,NaN,NaN,NaN,NaN,NaN
1608561000,10.2,10.4999,10.1,10.3,NaN,10.4999,10.1,10.3,NaN,NaN,NaN,NaN,525556,NaN,NaN,NaN,NaN,NaN,NaN,NaN,NaN,NaN,NaN,NaN
1609165800,10.41,10.69,9.97,10.11,NaN,10.69,9.97,10.11,NaN,NaN,NaN,NaN,863537,NaN,NaN,NaN,NaN,NaN,NaN,NaN,NaN,NaN,NaN,NaN
1609770600,10.3,10.65,10.22,10.42,NaN,10.65,10.22,10.42,NaN,NaN,NaN,NaN,84828,NaN,NaN,NaN,NaN,NaN,NaN,NaN,NaN,NaN,NaN,NaN
1610375400,10.45,10.67,10.25,10.35,NaN,10.67,10.25,10.35,NaN,NaN,NaN,NaN,1323385,NaN,NaN,NaN,NaN,NaN,NaN,NaN,NaN,NaN,NaN,NaN
1611066600,10.49,10.68,10.33,10.5,NaN,10.68,10.33,10.5,NaN,NaN,NaN,NaN,517532,NaN,NaN,NaN,NaN,NaN,NaN,NaN,NaN,NaN,NaN,NaN
1611585000,10.59,10.72,10.2,10.38,NaN,10.72,10.2,10.38,NaN,NaN,NaN,NaN,1094071,10.263,NaN,NaN,NaN,NaN,NaN,NaN,NaN,NaN,NaN,NaN
1612189800,10.38,10.75,10.32,10.52,NaN,10.75,10.32,10.52,NaN,NaN,NaN,NaN,296145,10.333,NaN,NaN,NaN,NaN,NaN,NaN,NaN,NaN,NaN,NaN
1612794600,10.51,11.21,10.35,10.46,NaN,11.21,10.35,10.46,NaN,NaN,NaN,NaN,869573,10.373000000000001,NaN,NaN,NaN,NaN,NaN,NaN,NaN,NaN,NaN,NaN
1613485800,10.49,10.99,10.41,10.8,NaN,10.99,10.41,10.8,NaN,NaN,NaN,NaN,774220,10.418000000000001,NaN,NaN,NaN,NaN,NaN,NaN,NaN,NaN,NaN,NaN
1614004200,10.75,10.79,10.05,10.25,NaN,10.79,10.05,10.25,NaN,NaN,NaN,NaN,768108,10.409,NaN,NaN,NaN,NaN,NaN,NaN,NaN,NaN,NaN,NaN
1614609000,13.45,15.15,11.06,12.5,NaN,15.15,11.06,12.5,NaN,NaN,NaN,NaN,67209463,10.629000000000001,NaN,NaN,78.15126050420169,NaN,NaN,NaN,NaN,NaN,78.15126050420169,NaN
1615213800,13.03,13.2,11.8,12.22,NaN,13.2,11.8,12.22,NaN,NaN,NaN,NaN,9564565,10.84,NaN,NaN,73.4954407294833,NaN,NaN,NaN,NaN,NaN,NaN,NaN
1615815000,12.44,12.58,11.29,11.6,NaN,12.58,11.29,11.6,NaN,NaN,NaN,NaN,6178955,10.958000000000002,NaN,NaN,64.3532735536175,NaN,NaN,NaN,NaN,NaN,NaN,NaN
1616419800,12.25,13.17,10.8,11.68,NaN,13.17,10.8,11.68,NaN,NaN,NaN,NaN,10683711,11.091000000000001,NaN,NaN,64.95896119658067,NaN,NaN,NaN,NaN,NaN,NaN,NaN
1617024600,12.1,12.6,11.23,11.48,NaN,12.6,11.23,11.48,NaN,NaN,NaN,NaN,4444171,11.189000000000002,NaN,NaN,62.11733738169597,NaN,NaN,NaN,NaN,NaN,NaN,NaN
1617629400,11.79,11.79,10.6,11.1,NaN,11.79,10.6,11.1,NaN,NaN,NaN,NaN,5184556,11.261000000000001,NaN,NaN,57.014075197265534,NaN,NaN,NaN,NaN,NaN,NaN,NaN
1618234200,11,11.21,10.2696,10.9,NaN,11.21,10.2696,10.9,NaN,NaN,NaN,NaN,4211121,11.299000000000003,NaN,NaN,54.47730154041771,NaN,NaN,NaN,NaN,NaN,NaN,NaN
1618839000,11.06,11.06,10.27,10.75,NaN,11.06,10.27,10.75,NaN,NaN,NaN,NaN,3435315,11.328000000000001,NaN,NaN,52.587449979882145,NaN,NaN,NaN,NaN,NaN,NaN,NaN
1619443800,10.8,10.82,10.43,10.46,NaN,10.82,10.43,10.46,NaN,NaN,NaN,NaN,2137034,11.294,NaN,NaN,49.04504152962778,NaN,NaN,NaN,NaN,NaN,NaN,NaN
1620048600,10.56,10.64,9.95,9.99,NaN,10.64,9.95,9.99,NaN,NaN,NaN,NaN,5095216,11.268,NaN,NaN,43.88538301100588,NaN,NaN,NaN,NaN,NaN,NaN,NaN
1620653400,10.05,10.06,9.77,9.94,NaN,10.06,9.77,9.94,NaN,NaN,NaN,NaN,5138190,11.012,NaN,NaN,43.36274683466766,NaN,NaN,NaN,43.36274683466766,NaN,NaN,NaN
1621258200,9.85,10.08,9.8,10,NaN,10.08,9.8,10,NaN,NaN,NaN,NaN,3249827,10.790000000000001,NaN,NaN,44.22119623262594,NaN,NaN,NaN,NaN,NaN,NaN,NaN
1621863000,9.98,10.08,9.89,9.98,NaN,10.08,9.89,9.98,NaN,NaN,NaN,NaN,4286621,10.628000000000002,NaN,NaN,43.981892288150696,NaN,NaN,NaN,NaN,NaN,NaN,NaN
1622554200,10.1,10.27,9.98,10.15,NaN,10.27,9.98,10.15,NaN,NaN,NaN,NaN,2039915,10.475000000000001,NaN,NaN,46.625846791677326,55.591229055064275,NaN,NaN,NaN,NaN,NaN,NaN
1623072600,10.25,10.9,10.06,10.47,NaN,10.9,10.06,10.47,NaN,NaN,NaN,NaN,3659319,10.374,NaN,NaN,51.286635448083786,53.672327265341565,NaN,NaN,NaN,NaN,NaN,NaN
1623677400,10.55,10.5925,10.12,10.4,NaN,10.5925,10.12,10.4,11.16,NaN,NaN,NaN,2998730,10.304000000000002,NaN,NaN,50.25286996547398,52.0121436393409,NaN,NaN,NaN,NaN,NaN,NaN
1624282200,10.45,10.645,10.26,10.51,NaN,10.645,10.26,10.51,11.16,NaN,NaN,NaN,2526625,10.265000000000002,NaN,NaN,51.893829723035225,51.12218336572788,NaN,NaN,NaN,NaN,NaN,NaN
1624887000,10.7,12.28,10.6,11.39,NaN,12.28,10.6,11.39,11.16,NaN,NaN,NaN,7997826,10.329000000000002,NaN,NaN,62.53959790406357,50.94937170197666,NaN,NaN,NaN,NaN,NaN,NaN
1625578200,11.69,11.87,10.59,11.45,NaN,11.87,10.59,11.45,11.16,NaN,NaN,NaN,5169236,10.428,NaN,NaN,63.13856331065543,51.02231641118805,NaN,NaN,NaN,NaN,63.13856331065543,NaN
1626096600,11.67,11.69,10.3,10.8,NaN,11.69,10.3,10.8,11.16,NaN,NaN,NaN,5667636,10.509000000000002,NaN,NaN,53.212255027185726,50.75075782761092,NaN,NaN,NaN,NaN,NaN,NaN
1626701400,10.3625,11.05,10.27,10.77,NaN,11.05,10.27,10.77,11.16,NaN,NaN,NaN,2318844,10.592000000000002,NaN,NaN,52.7996668044947,50.63092677504499,NaN,NaN,NaN,NaN,NaN,NaN
1627306200,10.82,10.844,10.12,10.17,NaN,10.844,10.12,10.17,11.16,NaN,NaN,NaN,3598568,10.609000000000002,NaN,NaN,45.24388016910655,50.106386074275306,NaN,NaN,NaN,NaN,NaN,NaN
1627911000,10.23,10.47,9.96,10.12,NaN,10.47,9.96,10.12,11.159999999999998,NaN,NaN,NaN,3405086,10.623000000000001,NaN,NaN,44.67019999947511,49.79389739355012,NaN,NaN,44.67019999947511,NaN,NaN,NaN
1628515800,10.22,11.28,10.15,10.62,NaN,11.28,10.15,10.62,11.16,NaN,NaN,NaN,4030192,10.670000000000002,NaN,NaN,51.31779993073543,50.32478431638794,NaN,NaN,NaN,NaN,NaN,NaN
1629120600,10.69,10.69,9.9,10.47,NaN,10.69,9.9,10.47,11.16,11.160161984263494,11.160161984263494,11.160161984263494,4618622,10.67,NaN,NaN,49.40027474593551,50.75603631004993,NaN,NaN,NaN,NaN,NaN,NaN
1629725400,10.9508,11.9,9.5,10.35,NaN,11.9,9.5,10.35,11.16,11.160161984263494,11.160161984263494,11.160161984263494,14136996,10.665000000000001,NaN,NaN,47.859580002354136,51.015920865030516,NaN,NaN,NaN,NaN,NaN,NaN
1630330200,10.5,14.34,9.66,13.52,NaN,14.34,9.66,13.52,11.67,11.241295821493585,11.241295821493585,11.241295821493585,20570550,10.966,NaN,NaN,72.37239460257504,53.0438138874894,NaN,NaN,NaN,NaN,NaN,NaN
1631021400,15.02,21.34,14.07,18.69,NaN,21.34,14.07,18.69,14.255000000118676,11.733423695139049,11.733423695139049,11.733423695139049,79331602,11.696000000000002,NaN,NaN,84.86758475701944,55.775366599299545,NaN,NaN,NaN,NaN,84.86758475701944,NaN
1631539800,18.38,18.41,14.62,15.41,NaN,18.41,14.62,15.41,14.255000012464183,12.22263057471905,12.22263057471905,12.22263057471905,25642789,12.092,NaN,NaN,64.83358563830595,56.74300589860112,NaN,NaN,NaN,NaN,NaN,NaN
1632144600,14.78,15.4,13.46,14.05,NaN,15.4,13.46,14.05,14.255000111193185,12.69881468046676,12.69881468046676,12.69881468046676,11969987,12.416999999999998,NaN,NaN,58.651246795596386,57.34288995789558,NaN,NaN,NaN,NaN,NaN,NaN
1632749400,14.3,16.43,14.16,15.98,NaN,16.43,14.16,15.98,14.255001539619894,13.144165032817568,13.144165032817568,13.144165032817568,18200144,12.937999999999999,NaN,NaN,63.910633518656915,58.20123308615427,NaN,NaN,NaN,NaN,NaN,NaN
1633354200,15.97,16.0999,13.8,14.71,NaN,16.0999,13.8,14.71,14.255008441666819,13.535744839429015,13.535744839429015,13.535744839429015,37853047,13.392,NaN,NaN,58.62623249257062,57.921706985333344,NaN,NaN,NaN,NaN,NaN,NaN
1633959000,14.6639,14.68,12.705,12.8,NaN,14.68,12.705,12.8,14.255027814084459,13.850343655915758,13.850343655915758,13.850343655915758,19902999,13.66,NaN,NaN,51.702384166660345,57.104837046476554,NaN,NaN,51.702384166660345,NaN,NaN,NaN
1634563800,12.8,13.14,12.2,13,NaN,13.14,12.2,13,14.255074454683804,14.071535680735945,14.071535680735945,14.071535680735945,20184830,13.898,NaN,NaN,52.33715481236042,57.04232988827475,NaN,NaN,NaN,NaN,NaN,NaN
1635168600,13.0035,14.14,12.6649,14.05,NaN,14.14,12.6649,14.05,14.255209895569088,14.197621904056998,14.197621904056998,14.197621904056998,10185612,14.256,NaN,NaN,55.63390707972482,57.244775622219755,NaN,NaN,NaN,NaN,NaN,NaN
1635773400,14.4262,16.24,13.95,15.51,NaN,16.24,13.95,15.51,14.255625756274624,14.247127084999535,14.247127084999535,14.247127084999535,12655558,14.772,11.453,NaN,59.79784219982663,58.28434433869976,NaN,NaN,NaN,NaN,NaN,NaN
1636381800,15.79,15.84,13.91,14.37,NaN,15.84,13.91,14.37,14.25639209418876,14.255530856390678,14.255530856390678,14.255530856390678,10847835,14.857,11.544,NaN,55.423774062246515,59.05245677175486,NaN,NaN,NaN,NaN,NaN,NaN
1636986600,14.48,16.75,14.06,15.5,NaN,16.75,14.06,15.5,14.258023514767899,14.256005115887488,14.256005115887488,14.256005115887488,26146485,14.538,11.6528,NaN,58.652337122178906,59.576352285429394,NaN,NaN,NaN,NaN,NaN,NaN
1637591400,15.57,16.36,14.11,15.45,NaN,16.36,14.11,15.45,14.260623649944549,14.256881935237736,14.256881935237736,14.256881935237736,13909404,14.541999999999998,11.7548,NaN,58.45060677054775,60.2228045729017,NaN,NaN,NaN,NaN,NaN,NaN
1638196200,15.51,16.97,12.74,13,NaN,16.97,12.74,13,14.264456592978238,14.258343034956697,14.258343034956697,14.258343034956697,34563921,14.437000000000001,11.808,NaN,49.47169896987471,60.3379559277246,NaN,NaN,NaN,NaN,NaN,NaN
1638801000,12.9743,13.2158,12,12.76,NaN,13.2158,12,12.76,14.269058200016653,14.260483058958483,14.260483058958483,14.260483058958483,17916215,14.114999999999998,11.8572,NaN,48.682766949998296,58.64583966682626,NaN,NaN,NaN,NaN,NaN,NaN
1639405800,12.71,13.1401,11.48,12.18,NaN,13.1401,11.48,12.18,14.27532406455529,14.263519426843628,14.263519426843628,14.263519426843628,25522558,13.861999999999998,11.898600000000002,NaN,46.74278033226242,55.922639350772194,NaN,NaN,NaN,NaN,NaN,NaN
1640010600,11.91,12.4,11.62,12,NaN,12.4,11.62,12,14.28306580512973,14.267614403500472,14.267614403500472,14.267614403500472,8123026,13.782,11.9302,NaN,46.128422669485516,54.58655628157073,NaN,NaN,NaN,NaN,NaN,NaN
1640615400,12.14,12.47,11.07,12.28,NaN,12.47,11.07,12.28,14.292608940259337,14.272952807291281,14.272952807291281,14.272952807291281,11748030,13.709999999999999,11.968800000000002,NaN,47.28901077284501,53.774967994231346,NaN,NaN,NaN,NaN,NaN,NaN
1641220200,12.305,12.33,10.11,10.86,NaN,12.33,10.11,10.86,14.3036311744753,14.279637644422959,14.279637644422959,14.279637644422959,11596760,13.390999999999996,11.976,NaN,42.31068332695376,52.23211440910969,NaN,NaN,NaN,NaN,NaN,NaN
1641825000,10.78,11.735,10.05,10.42,NaN,11.735,10.05,10.42,14.315000000012585,14.287562601263753,14.287562601263753,14.287562601263753,12400177,12.881999999999996,11.9768,NaN,40.87477210644011,50.96415295295751,NaN,NaN,NaN,NaN,NaN,NaN
1642516200,10.265,10.575,8.95,9,NaN,10.575,8.95,9,13.844999999999331,14.21996229614311,14.21996229614311,14.21996229614311,10324555,12.344999999999999,11.9464,NaN,36.56225461283473,49.88271512768426,NaN,NaN,NaN,NaN,NaN,NaN
1643034600,8.47,9.058,7.55,8.24,NaN,9.058,7.55,8.24,13.464999999996044,14.09118120964365,14.09118120964365,14.09118120964365,20763434,11.618999999999998,11.902000000000001,11.618999999999998,34.466307976575195,48.60622606798531,NaN,NaN,34.466307976575195,NaN,NaN,NaN
1643639400,8.3663,9.684,8.3663,9.49,NaN,9.684,8.3663,9.49,13.464999999994262,13.96301389744476,13.96301389744476,13.96301389744476,10311346,11.023,11.8758,NaN,40.50709510075756,47.52573949805908,NaN,NaN,NaN,NaN,NaN,NaN
1644244200,9.5287,11.11,9.38,9.63,NaN,11.11,9.38,9.63,13.46499999999096,13.83899356964844,13.83899356964844,13.83899356964844,11192629,10.686,11.863399999999999,NaN,41.16127151319761,46.19455587758558,NaN,NaN,NaN,NaN,NaN,NaN
1644849000,9.59,10.23,8.72,8.94,NaN,10.23,8.72,8.94,13.464999999978398,13.724643026747794,13.724643026747794,13.724643026747794,10076084,10.303999999999998,11.792200000000001,NaN,38.89146051039625,45.013676338167706,NaN,NaN,NaN,NaN,NaN,NaN
1645540200,8.74,9.94,8.2,9.45,NaN,9.94,8.2,9.45,13.4649999999735,13.626549732869933,13.626549732869933,13.626549732869933,13337982,10.030999999999999,11.7368,NaN,41.460981218950835,43.78572234507998,NaN,NaN,NaN,NaN,NaN,NaN
1646058600,9.53,9.76,8.24,8.4,NaN,9.76,8.24,8.4,13.46499999993115,13.550766949274525,13.550766949274525,13.550766949274525,26618277,9.671,11.6728,NaN,37.92522591970193,42.319623712876705,NaN,NaN,NaN,NaN,NaN,NaN
1646663400,8.52,9.05,8.3,8.39,NaN,9.05,8.3,8.39,13.464999999883572,13.500676092155507,13.500676092155507,13.500676092155507,29348140,9.282,11.607000000000001,NaN,37.89208332598647,41.49250830974183,NaN,NaN,NaN,NaN,NaN,NaN
1647264600,8.35,9.49,7.72,9.07,NaN,9.49,7.72,9.07,13.464999999834731,13.474878724904675,13.474878724904675,13.474878724904675,63183095,9.102999999999998,11.558799999999998,NaN,41.62767100302994,40.98857288495837,NaN,NaN,NaN,NaN,41.62767100302994,NaN
1647869400,9.01,9.39,7.835,7.96,NaN,9.39,7.835,7.96,13.324999999536647,13.444093110170192,13.444093110170192,13.444093110170192,27430571,8.856999999999998,11.495999999999999,NaN,37.64712590792851,40.338883283220234,NaN,NaN,NaN,NaN,NaN,NaN
1648474200,8.075,8.475,7.51,7.92,NaN,8.475,7.51,7.92,13.30499999913934,13.417502946697851,13.417502946697851,13.417502946697851,18237762,8.748999999999999,11.4364,NaN,37.507936782481195,39.72313429129135,NaN,NaN,NaN,NaN,NaN,NaN
1649079000,8.02,8.395,7.6713,7.8,NaN,8.395,7.6713,7.8,13.244999999890904,13.38304383610967,13.38304383610967,13.38304383610967,18855029,8.704999999999998,11.3774,NaN,37.0651998378172,38.9928620816465,NaN,NaN,NaN,NaN,NaN,NaN
1649683800,7.79,8.48,7.65,8.42,NaN,8.48,7.65,8.42,13.244999999877855,13.349905048948484,13.349905048948484,13.349905048948484,11041537,8.597999999999999,11.3366,NaN,40.943868740770036,38.895232468347665,NaN,NaN,NaN,NaN,NaN,NaN
1650288600,8.38,8.74,7.57,7.71,NaN,8.74,7.57,7.71,13.199999999447154,13.312233740373616,13.312233740373616,13.312233740373616,15566751,8.405999999999999,11.291000000000002,NaN,38.051739426604655,38.69358727693084,NaN,NaN,NaN,NaN,NaN,NaN
1650893400,7.62,7.885,6.98,7.38,NaN,7.885,6.98,7.38,13.034999998994941,13.252524843257852,13.252524843257852,13.252524843257852,14432975,8.249999999999998,11.2398,NaN,36.752306967726774,38.70716244513742,NaN,NaN,NaN,NaN,NaN,NaN
1651498200,7.39,7.6,6.26,6.52,NaN,7.6,6.26,6.52,12.60499999524831,13.130267485798896,13.130267485798896,13.130267485798896,16360854,7.956999999999998,11.170200000000001,NaN,33.53801214190223,38.640855599803636,NaN,NaN,NaN,NaN,NaN,NaN
1652103000,6.25,6.3905,4.9373,5.86,NaN,6.3905,4.9373,5.86,12.274999956671806,12.963104473858301,12.963104473858301,12.963104473858301,25513009,7.702999999999998,11.087800000000001,NaN,31.277225915367993,37.98157922941867,NaN,NaN,NaN,NaN,NaN,NaN
1652707800,5.812,5.9,4.5,4.73,NaN,5.9,4.5,4.73,11.709999624490571,12.715960821519658,12.715960821519658,12.715960821519658,33863157,7.336999999999998,10.979400000000004,NaN,27.819499096818475,37.028595485391584,NaN,NaN,NaN,NaN,NaN,NaN
1653312600,4.75,5.1588,4.2716,5,NaN,5.1588,4.2716,5,11.709998592431166,12.482242835688927,12.482242835688927,12.482242835688927,23506073,6.929999999999998,10.870000000000003,NaN,29.816004741564285,36.38034864476074,NaN,NaN,NaN,NaN,NaN,NaN
1654003800,5.09,5.15,4.59,4.9,NaN,5.15,4.59,4.9,11.70999745677786,12.267836309390656,12.267836309390656,12.267836309390656,21205020,6.623999999999998,10.760000000000002,NaN,29.490650907963868,35.525325051118806,NaN,NaN,NaN,NaN,NaN,NaN
1654522200,5.11,5.14,4.19,4.22,NaN,5.14,4.19,4.22,11.454992859511727,12.04072371942332,12.04072371942332,12.04072371942332,25678577,6.253999999999999,10.634200000000003,NaN,27.30843886008188,34.7669831182888,NaN,NaN,NaN,NaN,NaN,NaN
1655127000,4.05,4.385,3.93,4.18,NaN,4.385,3.93,4.18,11.434990020938335,11.846977745708413,11.846977745708413,11.846977745708413,32530296,5.891999999999999,10.490000000000002,NaN,27.181025727176092,34.001907575516626,NaN,NaN,NaN,NaN,NaN,NaN
1655818200,4.39,4.42,3.98,4.1,NaN,4.42,3.98,4.1,11.394989065239573,11.689733196885852,11.689733196885852,11.689733196885852,43131921,5.459999999999999,10.343000000000004,NaN,26.910595453575965,32.95068789341277,NaN,NaN,NaN,NaN,NaN,NaN
1656336600,4.17,4.31,3.53,3.8,NaN,4.31,3.53,3.8,11.24497181340291,11.552372256169729,11.552372256169729,11.552372256169729,21830945,5.068999999999998,10.203000000000003,NaN,25.871105252265252,32.10954356086539,NaN,NaN,25.871105252265252,NaN,NaN,NaN
1657027800,3.82,4.3,3.585,4.25,NaN,4.3,3.585,4.25,11.244942099431276,11.45321036987709,11.45321036987709,11.45321036987709,13678435,4.7559999999999985,10.072600000000003,NaN,30.224952382317,31.589330389425093,NaN,NaN,NaN,NaN,NaN,NaN
1657546200,4.21,4.24,3.76,3.95,NaN,4.24,3.76,3.95,11.244874069525556,11.38275810990398,11.38275810990398,11.38275810990398,10496430,4.498999999999999,9.948200000000003,NaN,29.002006818514772,31.01338803090349,NaN,NaN,NaN,NaN,NaN,NaN
1658151000,4.01,4.51,3.96,4.05,NaN,4.51,3.96,4.05,11.244749561522577,11.332050400685302,11.332050400685302,11.332050400685302,12130559,4.317999999999999,9.826800000000002,NaN,30.018462410843412,30.233001864480162,NaN,NaN,NaN,NaN,NaN,NaN
1658755800,4.07,4.68,3.97,4.67,NaN,4.68,3.97,4.67,11.244623103910953,11.295123868216631,11.295123868216631,11.295123868216631,11785428,4.311999999999999,9.707800000000002,NaN,36.12441720838219,30.095335991749984,NaN,NaN,NaN,NaN,NaN,NaN
1659360600,4.66,5.595,4.49,5.34,NaN,5.595,4.49,5.34,11.244254767201348,11.270340380673058,11.270340380673058,11.270340380673058,17147284,4.346,9.605200000000004,NaN,42.012480045779654,30.471062640182332,NaN,NaN,NaN,NaN,NaN,NaN
1659965400,5.5,7.15,5.22,7.1,NaN,7.15,5.22,7.1,11.243389007516905,11.255611799273776,11.255611799273776,11.255611799273776,27002262,4.566,9.540200000000002,NaN,54.006320416388505,31.9330846597885,NaN,NaN,NaN,NaN,54.006320416388505,NaN
1660570200,7.18,7.29,5.58,5.74,NaN,7.29,5.58,5.74,11.240849964772798,11.247398040741096,11.247398040741096,11.247398040741096,26174284,4.718,9.384600000000002,NaN,46.07570885626024,32.99011915556652,NaN,NaN,NaN,NaN,NaN,NaN
1661175000,5.5,5.69,5.14,5.3,NaN,5.69,5.14,5.3,11.235165207872065,11.242966029943563,11.242966029943563,11.242966029943563,21912015,4.83,9.116800000000003,NaN,43.83305483011983,34.133944565088036,NaN,NaN,NaN,NaN,NaN,NaN
1661779800,5.18,5.91,4.95,5.32,NaN,5.91,4.95,5.32,11.22501770818815,11.239379190755859,11.239379190755859,11.239379190755859,21980513,4.952,8.915000000000003,NaN,43.966560447471736,35.14469854408143,NaN,NaN,NaN,NaN,NaN,NaN
1662471000,5.39,5.785,5.2243,5.59,NaN,5.785,5.2243,5.59,11.208058367563336,11.23364793298025,11.23364793298025,11.23364793298025,13851076,5.130999999999999,8.745800000000003,NaN,45.838233584137434,36.31238302095097,NaN,NaN,NaN,NaN,NaN,NaN
1662989400,5.65,5.93,4.9007,5.05,NaN,5.93,4.9007,5.05,11.171386513581876,11.222255129327596,11.222255129327596,11.222255129327596,30458426,5.211,8.527200000000002,NaN,42.761761417487314,37.41619177505135,NaN,NaN,NaN,NaN,NaN,NaN
1663594200,4.97,5.18,3.97,4.12,NaN,5.18,3.97,4.12,11.107135268027283,11.200998422847908,11.200998422847908,11.200998422847908,27190794,5.228,8.315400000000002,NaN,38.028037719624216,38.19097834594051,NaN,NaN,NaN,NaN,NaN,NaN
1664199000,4.1,4.4299,4.07,4.07,NaN,4.4299,4.07,4.07,10.993260247962736,11.162340728460194,11.162340728460194,11.162340728460194,19748395,5.23,8.140800000000002,NaN,37.785852140903565,38.967782395035336,NaN,NaN,37.785852140903565,NaN,NaN,NaN
1664803800,4.14,4.78,4.01,4.36,NaN,4.78,4.01,4.36,10.814792248608557,11.096673748421885,11.096673748421885,11.096673748421885,14555184,5.199,7.968000000000002,NaN,40.16600600809783,39.98884673473766,NaN,NaN,NaN,NaN,NaN,NaN
1665408600,4.36,4.4,3.77,3.95,NaN,4.4,3.77,3.95,10.56942283150713,10.994556431177593,10.994556431177593,10.994556431177593,16183767,5.06,7.766000000000003,NaN,37.955166006873505,40.54100485077741,NaN,NaN,NaN,NaN,NaN,NaN
1666013400,4.01,4.49,4.01,4.24,NaN,4.49,4.01,4.24,10.228631749388498,10.842858671933143,10.842858671933143,10.842858671933143,11714324,4.773999999999999,7.540600000000001,NaN,40.451862062391804,41.358851653911486,NaN,NaN,NaN,NaN,NaN,NaN
1666618200,4.3,5.23,4.0801,5.13,NaN,5.23,4.0801,5.13,9.829569104876068,10.635576613238204,10.635576613238204,10.635576613238204,13357020,4.712999999999999,7.355800000000003,NaN,47.44185545628459,42.60337972858586,NaN,NaN,NaN,NaN,NaN,NaN
1667223000,5.12,5.365,4.81,5.18,NaN,5.365,4.81,5.18,9.786974838218192,10.434279565558953,10.434279565558953,10.434279565558953,12834052,4.700999999999999,7.149400000000002,NaN,47.8124848672703,43.43824170422072,NaN,NaN,NaN,NaN,NaN,NaN
1667831400,5.25,5.7599,4.73,5.63,NaN,5.7599,4.73,5.63,9.728422939252471,10.242903873366048,10.242903873366048,10.242903873366048,17856320,4.731999999999999,6.953,NaN,51.151211377985284,44.09100822794969,NaN,NaN,NaN,NaN,51.151211377985284,NaN
1668436200,5.56,5.58,4.358,4.6,NaN,5.58,4.358,4.6,9.654667621024549,10.066056897376894,10.066056897376894,10.066056897376894,19461224,4.632999999999999,6.785000000000001,NaN,44.18358891389379,43.389384549200074,NaN,NaN,NaN,NaN,NaN,NaN
1669041000,4.61,4.65,4.14,4.18,NaN,4.65,4.14,4.18,9.65411373454989,9.921385130040294,9.921385130040294,9.921385130040294,13043276,4.545999999999999,6.613400000000001,NaN,41.689824065809255,43.07610706416786,NaN,NaN,NaN,NaN,NaN,NaN
1669645800,4.17,4.2901,3.88,4.25,NaN,4.2901,3.88,4.25,9.651810222629248,9.811953666263774,9.811953666263774,9.811953666263774,18544987,4.558999999999999,6.4548000000000005,NaN,42.27460720072156,42.96478937635369,NaN,NaN,NaN,NaN,NaN,NaN
1670250600,4.26,4.34,3.87,4,NaN,4.34,3.87,4,9.64164274165559,9.735829034204475,9.735829034204475,9.735829034204475,14148485,4.552,6.2948,NaN,40.70453391037906,42.731787480847075,NaN,NaN,NaN,NaN,NaN,NaN
1670855400,4.03,4.5,3.95,4.07,NaN,4.5,3.95,4.07,9.601674331058886,9.683210348269954,9.683210348269954,9.683210348269954,18601064,4.522999999999999,6.130599999999999,NaN,41.361235205440124,42.4120018823687,NaN,NaN,NaN,NaN,NaN,NaN
1671460200,4.08,4.08,3.61,3.77,NaN,4.08,3.61,3.77,9.46815244008076,9.630912945987625,9.630912945987625,9.630912945987625,18562250,4.504999999999999,5.9888,NaN,39.3498406877618,42.16829325881688,NaN,NaN,NaN,NaN,NaN,NaN
1672151400,3.76,3.805,3.48,3.77,NaN,3.805,3.48,3.77,9.208129267489637,9.549965718732247,9.549965718732247,9.549965718732247,12931458,4.457999999999998,5.855800000000001,NaN,39.3498406877618,42.26270775654099,NaN,NaN,39.3498406877618,NaN,NaN,NaN
1672756200,3.85,4.26,3.775,4.23,NaN,4.26,3.775,4.23,8.774074683869118,9.4069195258496,9.4069195258496,9.4069195258496,11807078,4.368,5.7604000000000015,NaN,44.17731966477242,42.719241151103056,NaN,NaN,NaN,NaN,NaN,NaN
1673274600,4.25,5.11,4.09,4.97,NaN,5.11,4.09,4.97,8.229323311465997,9.18341586169417,9.18341586169417,9.18341586169417,16593522,4.3469999999999995,5.695000000000002,NaN,50.94213109282093,43.48896437144042,NaN,NaN,NaN,NaN,NaN,NaN
1673965800,5.05,5.68,4.68,4.78,NaN,5.68,4.68,4.78,8.088690885430092,8.946322316781442,8.946322316781442,8.946322316781442,21067943,4.262,5.600800000000003,NaN,49.29049356888512,44.29863062586982,NaN,NaN,NaN,NaN,NaN,NaN
1674484200,4.82,5.045,4.61,4.94,NaN,5.045,4.61,4.94,7.93707841586345,8.699971435155426,8.699971435155426,8.699971435155426,19335989,4.295999999999999,5.5070000000000014,NaN,50.738907639664944,45.03341959567505,NaN,NaN,NaN,NaN,NaN,NaN
1675089000,4.87,5.47,4.7804,5.31,NaN,5.47,4.7804,5.31,7.77587909111746,8.45203834799047,8.45203834799047,8.45203834799047,23596006,4.409,5.4344,NaN,54.010283951610184,45.502593059626875,NaN,NaN,NaN,NaN,54.010283951610184,NaN
1675693800,5.22,5.28,4.485,4.77,NaN,5.28,4.485,4.77,7.480283104295797,8.191237653920147,8.191237653920147,8.191237653920147,19182577,4.460999999999999,5.340800000000001,NaN,48.9056753680286,45.580678095395335,NaN,NaN,NaN,NaN,NaN,NaN
1676298600,4.84,5.23,4.6,4.91,NaN,5.23,4.6,4.91,7.065908079265589,7.907175326732657,7.907175326732657,7.907175326732657,16355721,4.552,5.271000000000002,NaN,50.21928426614062,45.51411187312071,NaN,NaN,NaN,NaN,NaN,NaN
1676989800,4.82,4.89,4.38,4.45,NaN,4.89,4.38,4.45,6.853502885728631,7.636791517117528,7.636791517117528,7.636791517117528,12928917,4.59,5.192200000000002,NaN,46.031688043965254,45.646118953840094,NaN,NaN,NaN,NaN,NaN,NaN
1677508200,4.525,4.67,4.1715,4.57,NaN,4.67,4.1715,4.57,6.697821734828604,7.3892721659437415,7.3892721659437415,7.3892721659437415,23146285,4.67,5.1022000000000025,NaN,47.26702282584061,46.04449029384234,NaN,NaN,NaN,NaN,NaN,NaN
1678113000,4.58,4.6,3.78,3.91,NaN,4.6,3.78,3.91,6.693482178775677,7.185023620941976,7.185023620941976,7.185023620941976,16829047,4.683999999999999,5.021200000000004,NaN,41.62371148699444,45.99799774286182,NaN,NaN,NaN,NaN,NaN,NaN
1678714200,3.79,4.0622,3.7,3.88,NaN,4.0622,3.7,3.88,6.677384425087579,7.017387400891912,7.017387400891912,7.017387400891912,17117657,4.648999999999999,4.940400000000003,NaN,41.38186054816714,46.04637821698954,NaN,NaN,NaN,NaN,NaN,NaN
1679319000,3.9,3.99,3.69,3.93,NaN,3.99,3.69,3.93,6.638446851881472,6.880098333028766,6.880098333028766,6.880098333028766,15554691,4.545,4.863000000000004,NaN,41.98687626787371,46.091066864306235,NaN,NaN,NaN,NaN,NaN,NaN
1679923800,4,4.165,3.85,4.04,NaN,4.165,3.85,4.04,6.569690345235917,6.768338812010634,6.768338812010634,6.768338812010634,13149545,4.471,4.775400000000001,NaN,43.371640924298006,46.3783383097731,NaN,NaN,NaN,NaN,NaN,NaN
1680528600,4.05,4.1,3.62,3.77,NaN,4.1,3.62,3.77,6.504317428241366,6.680516025152175,6.680516025152175,6.680516025152175,12315155,4.354,4.696600000000001,NaN,40.797462566892385,46.48173987256815,NaN,NaN,40.797462566892385,NaN,NaN,NaN
1681133400,3.73,4.15,3.72,4.02,NaN,4.15,3.72,4.02,6.406269541030525,6.60548830514999,6.60548830514999,6.60548830514999,13834871,4.225,4.629400000000001,NaN,44.105445124069256,46.47660597680363,NaN,NaN,NaN,NaN,NaN,NaN
1681738200,4.01,4.21,3.88,4,NaN,4.21,3.88,4,6.359099964838658,6.542814268602626,6.542814268602626,6.542814268602626,13109901,4.148000000000001,4.579000000000002,NaN,43.89414286848414,45.973178246493866,NaN,NaN,NaN,NaN,NaN,NaN
1682343000,4.01,4.07,3.74,3.92,NaN,4.07,3.74,3.92,6.246838083231863,6.4745667067698776,6.4745667067698776,6.4745667067698776,10566442,4.049000000000001,4.540200000000001,NaN,43.00659525616951,45.52432836701418,NaN,NaN,NaN,NaN,NaN,NaN
1682947800,3.92,4.01,3.755,3.85,NaN,4.01,3.755,3.85,6.093394242247901,6.390516042643214,6.390516042643214,6.390516042643214,13681422,3.989,4.5226000000000015,NaN,42.20248455256351,44.91458386079265,NaN,NaN,NaN,NaN,NaN,NaN
1683552600,3.92,4.39,3.76,4.12,NaN,4.39,3.76,4.12,6.081596648465131,6.312858079612047,6.312858079612047,6.312858079612047,23479627,3.944,4.505000000000001,NaN,46.3678792452928,44.36869781034141,NaN,NaN,NaN,NaN,NaN,NaN
1684157400,4.2,4.7,4.07,4.67,NaN,4.7,4.07,4.67,6.025806943511767,6.236343121912135,6.236343121912135,6.236343121912135,21169802,4.0200000000000005,4.500400000000001,NaN,53.68954132423614,44.71040252149909,NaN,NaN,NaN,NaN,NaN,NaN
1684762200,4.7,5.015,4.36,4.45,NaN,5.015,4.36,4.45,5.877694217736805,6.148080632887068,6.148080632887068,6.148080632887068,22615665,4.077,4.505000000000001,NaN,50.70757829371657,44.74528066632594,NaN,NaN,NaN,NaN,NaN,NaN
1685453400,4.51,4.925,4.47,4.9,NaN,4.925,4.47,4.9,5.632459868751112,6.033734616679452,6.033734616679452,6.033734616679452,13622815,4.1739999999999995,4.519400000000001,NaN,56.080874274228094,45.46307968277329,NaN,NaN,NaN,NaN,NaN,NaN
1685971800,4.85,5.41,4.79,5.22,NaN,5.41,4.79,5.22,5.504548205670708,5.9126655373096675,5.9126655373096675,5.9126655373096675,17070671,4.292,4.541800000000001,NaN,59.46475868134287,46.33434652959488,NaN,NaN,NaN,NaN,NaN,NaN
1686576600,5.24,6.1,5.1022,5.6,NaN,6.1,5.1022,5.6,5.435,5.794977840099283,5.794977840099283,5.794977840099283,31001995,4.475,4.577800000000002,NaN,63.100558224141544,47.868407010819666,NaN,NaN,NaN,NaN,NaN,NaN
1687267800,5.65,5.945,5.52,5.54,NaN,5.945,5.52,5.54,5.4350000000000005,5.692824778411096,5.692824778411096,5.692824778411096,22691008,4.627000000000001,4.603600000000002,4.627000000000001,62.15262234372288,49.35203285335937,NaN,NaN,NaN,NaN,NaN,NaN
1687786200,5.55,6.14,5.31,6,NaN,6.14,5.31,6,5.434999999999999,5.607500654196624,5.607500654196624,5.607500654196624,19211935,4.827,4.644600000000002,NaN,66.32894247989543,51.09075186850379,NaN,NaN,NaN,NaN,NaN,NaN
1688391000,6.03,6.065,5.53,5.73,NaN,6.065,5.53,5.73,5.434999999999999,5.5399106149531665,5.5399106149531665,5.5399106149531665,11287726,5.008000000000001,4.678200000000002,NaN,62.00411193317892,52.42164265485243,NaN,NaN,NaN,NaN,NaN,NaN
1688995800,5.7,6.84,5.68,6.32,NaN,6.84,5.68,6.32,5.434999999999869,5.490654364953707,5.490654364953707,5.490654364953707,30572594,5.255000000000001,4.711200000000002,NaN,67.05863865151971,54.297440946611516,NaN,NaN,NaN,NaN,NaN,NaN
1689600600,6.33,8.05,6.2015,7.5,NaN,8.05,6.2015,7.5,5.635,5.491274599177956,5.491274599177956,5.491274599177956,41222378,5.593000000000001,4.754400000000001,NaN,74.39503469139864,56.46098305856362,NaN,NaN,NaN,NaN,74.39503469139864,NaN
1690205400,7.47,7.7899,6.71,7.1,NaN,7.7899,6.71,7.1,5.635,5.506891040483105,5.506891040483105,5.506891040483105,27691355,5.836,4.754400000000001,NaN,68.80131581485173,58.240066840447014,NaN,NaN,NaN,NaN,NaN,NaN
1690810200,7.11,7.395,6.8,6.83,NaN,7.395,6.8,6.83,5.635,5.531671692046938,5.531671692046938,5.531671692046938,16785647,6.074000000000001,4.776200000000002,NaN,65.23573175069299,59.82786230434156,NaN,NaN,NaN,NaN,NaN,NaN
1691415000,6.87,7.49,6.12,6.32,NaN,7.49,6.12,6.32,5.635,5.559289842102114,5.559289842102114,5.559289842102114,24199663,6.216,4.7966000000000015,NaN,59.01440431965749,61.02871371627684,NaN,NaN,NaN,NaN,NaN,NaN
1692019800,6.24,6.37,5.36,5.86,NaN,6.37,5.36,5.86,5.635,5.585160557222689,5.585160557222689,5.585160557222689,17197106,6.28,4.807400000000002,NaN,54.01114256571486,61.57466109630699,NaN,NaN,NaN,NaN,NaN,NaN
1692624600,5.94,6.0794,5.6,5.79,NaN,6.0794,5.6,5.79,5.635000000000001,5.606475589521957,5.606475589521957,5.606475589521957,12951646,6.299,4.811400000000003,NaN,53.271007469214794,61.54476582094832,NaN,NaN,NaN,NaN,NaN,NaN
1693229400,5.88,6.49,5.831,6.34,NaN,6.49,5.831,6.34,5.635000000000001,5.6218079853994105,5.6218079853994105,5.6218079853994105,13634685,6.3790000000000004,4.837200000000002,NaN,58.12632908127337,62.074676591488085,NaN,NaN,NaN,NaN,NaN,NaN
1693920600,6.31,6.595,6.06,6.2,NaN,6.595,6.06,6.2,5.635,5.630831130570861,5.630831130570861,5.630831130570861,9838914,6.399000000000001,4.878800000000002,NaN,56.516582516528224,62.10579860879524,NaN,NaN,NaN,NaN,NaN,NaN
1694439000,6.26,6.35,5.06,5.12,NaN,6.35,5.06,5.12,5.634999999999999,5.634528742268221,5.634528742268221,5.634528742268221,40275166,6.338,4.899800000000002,NaN,45.94572690704149,61.140153482059425,NaN,NaN,NaN,NaN,NaN,NaN
1695043800,5.1,5.22,4.17,4.48,NaN,5.22,4.17,4.48,5.634999999999999,5.635161984263494,5.635161984263494,5.635161984263494,35743353,6.154000000000001,4.902200000000002,NaN,41.04626087700052,59.564846528692215,NaN,NaN,NaN,NaN,NaN,NaN
1695648600,4.47,4.57,4.19,4.38,NaN,4.57,4.19,4.38,5.635,5.635161984263494,5.635161984263494,5.635161984263494,18545797,5.8420000000000005,4.910800000000002,NaN,40.32272804977035,58.00556836483845,NaN,NaN,NaN,NaN,NaN,NaN
1696253400,4.4,4.53,4.13,4.5,NaN,4.53,4.13,4.5,5.635,5.635161984263494,5.635161984263494,5.635161984263494,15364938,5.582,4.916000000000002,NaN,41.651888387968704,56.24292164398655,NaN,NaN,NaN,NaN,NaN,NaN
1696858200,4.41,5.07,4.23,4.29,NaN,5.07,4.23,4.29,5.634999999999999,5.635161984263494,5.635161984263494,5.635161984263494,19684248,5.328,4.899200000000002,NaN,39.973978926582426,54.66934071494394,NaN,NaN,NaN,NaN,NaN,NaN
1697463000,4.28,4.53,4.06,4.09,NaN,4.53,4.06,4.09,5.634999999999999,5.635161984263494,5.635161984263494,5.635161984263494,14852632,5.1049999999999995,4.8774000000000015,NaN,38.3879043097096,52.621431119100365,NaN,NaN,38.3879043097096,NaN,NaN,NaN
1698067800,4.08,4.3661,4,4.16,NaN,4.3661,4,4.16,5.635,5.635161984263494,5.635161984263494,5.635161984263494,12716282,4.9350000000000005,4.848000000000002,NaN,39.29576240895989,50.11434024178332,NaN,NaN,NaN,NaN,NaN,NaN
1698672600,4.2,4.81,4.11,4.61,NaN,4.81,4.11,4.61,5.635,5.635161984263494,5.635161984263494,5.635161984263494,13470382,4.817,4.848200000000001,4.817,44.91508344234656,48.40818078660437,NaN,NaN,NaN,NaN,NaN,NaN
1699281000,4.63,4.65,4.21,4.37,NaN,4.65,4.21,4.37,5.635000000000001,5.635161984263494,5.635161984263494,5.635161984263494,14436475,4.62,4.852000000000001,NaN,42.64760635426979,46.79474325828842,NaN,NaN,NaN,NaN,NaN,NaN
1699885800,4.38,4.65,4.14,4.21,NaN,4.65,4.14,4.21,5.635,5.635161984263494,5.635161984263494,5.635161984263494,43673441,4.421,4.851200000000001,NaN,41.155923585278614,45.51913749154708,NaN,NaN,NaN,NaN,NaN,NaN
1700490600,4.29,4.41,4.17,4.38,NaN,4.41,4.17,4.38,5.635000000000001,5.635161984263494,5.635161984263494,5.635161984263494,12075020,4.3469999999999995,4.858800000000001,NaN,43.420337358810876,44.762651405339646,NaN,NaN,NaN,NaN,NaN,NaN
1701095400,4.37,4.64,4.16,4.46,NaN,4.64,4.16,4.46,5.635,5.635161984263495,5.635161984263495,5.635161984263495,19029715,4.345000000000001,4.866600000000002,NaN,44.50264584728806,44.136339860916316,NaN,NaN,NaN,NaN,NaN,NaN
1701700200,4.46,4.9313,4.42,4.8,NaN,4.9313,4.42,4.8,5.635,5.635161984263494,5.635161984263494,5.635161984263494,15070667,4.3870000000000005,4.887200000000002,NaN,48.97037371602162,43.48234304911262,NaN,NaN,NaN,NaN,NaN,NaN
1702305000,4.79,5.4786,4.48,4.61,NaN,5.4786,4.48,4.61,5.635,5.635161984263494,5.635161984263494,5.635161984263494,32543758,4.398000000000001,4.904000000000002,NaN,46.70749947621485,42.781694260518805,NaN,NaN,NaN,NaN,NaN,NaN
1702909800,4.68,5.76,4.34,5.44,NaN,5.76,4.34,5.44,5.634999999999999,5.635161984263494,5.635161984263494,5.635161984263494,77122399,4.513,4.928200000000001,NaN,56.223909549562435,43.51585016355601,NaN,NaN,NaN,NaN,NaN,NaN
1703601000,5.635,6.1399,5.3818,5.53,NaN,6.1399,5.3818,5.53,5.635,5.635161984263494,5.635161984263494,5.635161984263494,47770260,4.656999999999999,4.939400000000001,NaN,57.11810028753073,44.6638386928796,NaN,NaN,NaN,NaN,57.11810028753073,NaN
1704205800,5.45,5.615,5.05,5.4,NaN,5.615,5.05,5.4,5.635,5.635161984263494,5.635161984263494,5.635161984263494,27045040,4.781,4.951800000000002,NaN,55.35909281298158,45.73786474739469,NaN,NaN,NaN,NaN,NaN,NaN
1704724200,5.42,5.67,5.06,5.17,NaN,5.67,5.06,5.17,5.635,5.635161984263494,5.635161984263494,5.635161984263494,29987359,4.837,4.956400000000001,NaN,52.29085618491367,46.497791018605035,NaN,NaN,NaN,NaN,NaN,NaN
1705415400,5.11,5.16,4.69,4.86,NaN,5.16,4.69,4.86,5.635000000000001,5.635161984263494,5.635161984263494,5.635161984263494,20416687,4.885999999999999,4.947400000000001,NaN,48.39735713329393,47.09946089051301,NaN,NaN,NaN,NaN,NaN,NaN
1705933800,4.9,5.245,4.83,4.88,NaN,5.245,4.83,4.88,5.634999999999999,5.635161984263494,5.635161984263494,5.635161984263494,18711392,4.952999999999999,4.949600000000001,4.952999999999999,48.66293893222477,47.83339193497837,NaN,NaN,NaN,NaN,NaN,NaN
1706538600,4.88,5.16,3.89,3.975,NaN,5.16,3.89,3.975,5.635,5.635161984263494,5.635161984263494,5.635161984263494,121512552,4.9125,4.930900000000001,4.9125,38.905413968875145,47.80550990354375,NaN,NaN,38.905413968875145,NaN,NaN,NaN
1707143400,3.98,4.47,3.95,4.34,NaN,4.47,3.95,4.34,5.635,5.635161984263494,5.635161984263494,5.635161984263494,43096204,4.900499999999999,4.928699999999999,NaN,43.79990311651768,47.725854165984536,NaN,NaN,NaN,NaN,NaN,NaN
1707748200,4.435,5.08,4.38,4.89,NaN,5.08,4.38,4.89,5.635,5.635161984263494,5.635161984263494,5.635161984263494,50349487,4.9094999999999995,4.935099999999999,NaN,50.26560914489894,48.26999722245805,NaN,NaN,NaN,NaN,NaN,NaN
1708439400,4.92,5.1,4.36,4.38,NaN,5.1,4.36,4.38,5.635,5.635161984263494,5.635161984263494,5.635161984263494,28439040,4.8865,4.9445,NaN,45.08583120746815,48.5507049097573,NaN,NaN,NaN,NaN,NaN,NaN
1708957800,4.39,4.81,4.11,4.54,NaN,4.81,4.11,4.54,5.635000000000001,5.635161984263494,5.635161984263494,5.635161984263494,46269594,4.7965,4.957699999999999,NaN,46.933380787659225,48.80163658324647,NaN,NaN,NaN,NaN,NaN,NaN
1709562600,4.62,4.7,4.17,4.42,NaN,4.7,4.17,4.42,5.635,5.635161984263494,5.635161984263494,5.635161984263494,30044803,4.685499999999999,4.9674999999999985,NaN,45.691741779983055,48.8865720070104,NaN,NaN,NaN,NaN,NaN,NaN
1710163800,4.44,4.725,4.11,4.12,NaN,4.725,4.11,4.12,5.635000000000007,5.635161984263495,5.635161984263495,5.635161984263495,44994537,4.557499999999999,4.969099999999999,NaN,42.65369236717798,48.435380482093,NaN,NaN,NaN,NaN,NaN,NaN
1710768600,4.16,4.28,3.95,4.05,NaN,4.28,3.95,4.05,5.635000000000582,5.635161984263588,5.635161984263588,5.635161984263588,47339965,4.4455,4.974699999999999,NaN,41.95275522068271,48.09575589241213,NaN,NaN,NaN,NaN,NaN,NaN
1711373400,4.07,4.23,4.05,4.11,NaN,4.23,4.05,4.11,5.635000000004449,5.635161984264295,5.635161984264295,5.635161984264295,24212251,4.3705,4.976499999999999,NaN,42.82012352990664,47.13834260529386,NaN,NaN,NaN,NaN,NaN,NaN
1711978200,4.13,4.14,3.78,3.8,NaN,4.14,3.78,3.8,5.635000000025343,5.635161984268323,5.635161984268323,5.635161984268323,42026860,4.262499999999999,4.972499999999999,NaN,39.533273816658586,45.88228357166014,NaN,NaN,NaN,NaN,NaN,NaN
1712583000,3.81,3.955,3.66,3.73,NaN,3.955,3.66,3.73,5.615,5.6319802651612285,5.6319802651612285,5.6319802651612285,35703101,4.2379999999999995,4.968699999999999,NaN,38.808864713581414,44.70012442170298,NaN,NaN,NaN,NaN,NaN,NaN
1713187800,3.76,3.785,3.47,3.55,NaN,3.785,3.47,3.55,5.5249999999999995,5.614490345687598,5.614490345687598,5.614490345687598,38230415,4.159,4.962699999999999,NaN,36.93467089693178,43.603254043989985,NaN,NaN,36.93467089693178,NaN,NaN,NaN
1713792600,3.58,3.78,3.49,3.77,NaN,3.78,3.49,3.77,5.525,5.597109552865044,5.597109552865044,5.597109552865044,27599827,4.047,4.955699999999998,NaN,40.70383484686028,43.05371673781615,NaN,NaN,NaN,NaN,NaN,NaN
1714397400,3.81,4.08,3.71,4,NaN,4.08,3.71,4,5.5249999999999995,5.580201805218368,5.580201805218368,5.580201805218368,32760677,4.009,4.9422999999999995,NaN,44.44226065942945,42.75223971833077,NaN,NaN,NaN,NaN,NaN,NaN
1715002200,4.06,4.3,3.655,4.11,NaN,4.3,3.655,4.11,5.5249999999999995,5.564403682843438,5.564403682843438,5.564403682843438,52764579,3.966,4.935499999999999,NaN,46.189602561670995,43.272538903530474,NaN,NaN,NaN,NaN,NaN,NaN
1715607000,4.16,4.64,4.15,4.25,NaN,4.64,4.15,4.25,5.525,5.550531265908156,5.550531265908156,5.550531265908156,53286249,3.9490000000000003,4.9224999999999985,NaN,48.41337564796868,43.60207265577698,NaN,NaN,NaN,NaN,NaN,NaN
1716211800,4.29,4.53,4.18,4.21,NaN,4.53,4.18,4.21,5.525,5.539406261784814,5.539406261784814,5.539406261784814,26146591,3.9579999999999997,4.902299999999999,NaN,47.80549443223328,43.42635017630086,NaN,NaN,NaN,NaN,NaN,NaN
1716903000,4.25,4.47,4.15,4.37,NaN,4.47,4.15,4.37,5.525000000000001,5.531604369122074,5.531604369122074,5.531604369122074,25349725,3.9899999999999998,4.877699999999999,NaN,50.483713513708764,43.81191319817519,NaN,NaN,NaN,NaN,NaN,NaN
1717421400,4.4,4.45,4.23,4.44,NaN,4.45,4.23,4.44,5.525000000000001,5.527174192624785,5.527174192624785,5.527174192624785,21013526,4.023,4.855699999999999,NaN,51.65256015822945,44.14899743893021,NaN,NaN,NaN,NaN,NaN,NaN
1718026200,4.38,4.94,4.33,4.39,NaN,4.94,4.33,4.39,5.525,5.525446943161367,5.525446943161367,5.525446943161367,30954242,4.082,4.823499999999999,NaN,50.73138371561664,44.50897186290403,NaN,NaN,NaN,NaN,NaN,NaN
1718631000,4.35,5.1,4.195,5.01,NaN,5.1,4.195,5.01,5.525000000000001,5.5251619842634945,5.5251619842634945,5.5251619842634945,61329380,4.21,4.809099999999998,NaN,60.20799667565341,45.76285074208085,NaN,NaN,NaN,NaN,NaN,NaN
1719235800,5.08,5.16,4.66,4.8,NaN,5.16,4.66,4.8,5.525000000000001,5.5251619842634945,5.5251619842634945,5.5251619842634945,41222989,4.335,4.778699999999999,NaN,56.26069635111516,46.78484653711174,NaN,NaN,NaN,NaN,NaN,NaN
1719840600,4.78,4.88,4.49,4.88,NaN,4.88,4.49,4.88,5.525,5.5251619842634945,5.5251619842634945,5.5251619842634945,19822018,4.446000000000001,4.726299999999998,NaN,57.4063317205088,47.826718550726184,NaN,NaN,NaN,NaN,NaN,NaN
1720445400,4.97,5.68,4.91,5.65,NaN,5.68,4.91,5.65,5.524999999994629,5.525161984262639,5.525161984262639,5.525161984262639,34139755,4.611000000000001,4.697299999999999,NaN,66.50108152376521,49.752990529805224,NaN,NaN,NaN,NaN,NaN,NaN
1721050200,5.59,5.84,5.15,5.2,NaN,5.84,5.15,5.2,5.524999998953431,5.525161984096148,5.525161984096148,5.525161984096148,38524966,4.720000000000001,4.664699999999999,4.720000000000001,58.62300395592063,51.168286189972314,NaN,NaN,NaN,NaN,NaN,NaN
1721655000,5.25,5.5199,5.09,5.4,NaN,5.5199,5.09,5.4,5.5249998987559055,5.525161967990151,5.525161967990151,5.525161967990151,21574779,4.835,4.646299999999999,NaN,60.84324633668816,52.87604157852634,NaN,NaN,NaN,NaN,NaN,NaN
1722259800,5.42,5.5,4.65,4.81,NaN,5.5,4.65,4.81,5.524994503906587,5.525161093690662,5.525161093690662,5.525161093690662,29122148,4.8950000000000005,4.625299999999998,NaN,51.98189009046877,53.6816169530698,NaN,NaN,51.98189009046877,NaN,NaN,NaN
1722864600,4.25,5.59,4.2,5.37,NaN,5.59,4.2,5.37,5.524712244165751,5.525115318743742,5.525115318743742,5.525115318743742,40924272,4.995,4.6168999999999984,NaN,58.20406932716938,54.664603286479796,NaN,NaN,NaN,NaN,NaN,NaN
1723469400,5.41,7.1,5.03,6.56,NaN,7.1,5.03,6.56,5.516025353401095,5.5236877348118325,5.5236877348118325,5.5236877348118325,121854451,5.207,4.621299999999998,NaN,67.76344786317674,56.20559223658735,NaN,NaN,NaN,NaN,NaN,NaN
1724074200,6.78,7.36,6.22,6.96,NaN,7.36,6.22,6.96,5.4733277215495315,5.515472682440317,5.515472682440317,5.515472682440317,138480532,5.464,4.636499999999998,NaN,70.22833215682394,57.7638034157913,NaN,NaN,NaN,NaN,NaN,NaN
1724679000,6.96,6.97,5.96,6.27,NaN,6.97,5.96,6.27,5.3900793376287375,5.494065659524077,5.494065659524077,5.494065659524077,58526666,5.590000000000001,4.659499999999998,NaN,61.493563704621906,58.741522649533344,NaN,NaN,NaN,NaN,NaN,NaN
1725370200,6.2,6.47,5.74,5.81,NaN,6.47,5.74,5.81,5.283622359756155,5.455984596741507,5.455984596741507,5.455984596741507,31990966,5.691000000000001,4.686099999999998,NaN,56.4525696855244,59.16786951894874,NaN,NaN,NaN,NaN,NaN,NaN
1725888600,5.9,7.47,5.88,7.46,NaN,7.47,5.88,7.46,5.504999999999999,5.453968419616848,5.453968419616848,5.453968419616848,56950580,5.949,4.747699999999998,NaN,66.9259100776306,60.25882308462025,NaN,NaN,NaN,NaN,NaN,NaN
1726493400,7.47,7.72,7,7.47,NaN,7.72,7,7.47,5.51,5.454626371294201,5.454626371294201,5.454626371294201,67585574,6.131000000000001,4.807099999999998,NaN,66.97774591750778,61.41927752761247,NaN,NaN,NaN,NaN,NaN,NaN
1727098200,7.63,10.29,7.275,9.78,NaN,10.29,7.275,9.78,6.664999999999999,5.641853134370405,5.641853134370405,5.641853134370405,106616621,6.589,4.916899999999997,NaN,76.24105342173722,62.564495866618465,NaN,NaN,NaN,NaN,NaN,NaN
1727703000,9.87,10.15,8.8,9.8,NaN,10.15,8.8,9.8,6.675,5.833425372576745,5.833425372576745,5.833425372576745,70526678,7.029000000000001,5.031099999999998,NaN,76.30303388430877,63.996091404703726,NaN,NaN,NaN,NaN,NaN,NaN
1728307800,9.96,10.14,8.99,9.7,NaN,10.14,8.99,9.7,6.675000000000001,6.024178031997893,6.024178031997893,6.024178031997893,50967060,7.518000000000001,5.141899999999998,NaN,75.24605561402424,65.27035739709768,NaN,NaN,NaN,NaN,NaN,NaN
1728912600,9.92,11.19,9.48,10.81,NaN,11.19,9.48,10.81,7.179999999999999,6.286840362982863,6.286840362982863,6.286840362982863,82594601,8.062000000000001,5.2658999999999985,NaN,78.76271919853136,66.14618865958099,NaN,NaN,NaN,NaN,NaN,NaN
1729517400,10.85,12.085,10.6498,11.18,NaN,12.085,10.6498,11.18,7.364999999999999,6.5595363543352585,6.5595363543352585,6.5595363543352585,58819257,8.524,5.402099999999998,NaN,79.79321688732556,67.65834672610991,NaN,NaN,NaN,NaN,NaN,NaN
1730122200,11.25,11.63,10.29,11.42,NaN,11.63,10.29,11.42,7.4849999999999985,6.818933051415018,6.818933051415018,6.818933051415018,51213222,8.969999999999999,5.546299999999998,NaN,80.45568173740816,69.05923496901848,NaN,NaN,NaN,NaN,NaN,NaN
1730730600,11.265,13.9,10.97,13.51,NaN,13.9,10.97,13.51,8.53000000000002,7.200537980769852,7.200537980769852,7.200537980769852,67595750,9.693999999999999,5.7288999999999985,NaN,85.05166314824659,71.4213616160026,NaN,NaN,NaN,NaN,NaN,NaN
1731335400,14.64,22.55,14.01,19,NaN,22.55,14.01,19,11.275000005745664,7.968270326906652,7.968270326906652,7.968270326906652,261241045,11.013,6.019699999999998,NaN,91.02323229871071,73.76558754254128,NaN,NaN,NaN,NaN,NaN,NaN
1731940200,19.54,23.81,18.47,23.26,NaN,23.81,18.47,23.26,13.405005637521416,9.022153901095745,9.022153901095745,9.022153901095745,131738100,12.593,6.388899999999999,NaN,93.2699007889616,75.58747703724019,NaN,NaN,NaN,NaN,NaN,NaN
1732545000,25.385,28.05,22.8202,27.28,NaN,28.05,22.8202,27.28,15.415343610820013,10.337169267019618,10.337169267019618,10.337169267019618,128840925,14.574000000000002,6.842299999999998,NaN,94.63456319818455,77.33077925448025,NaN,NaN,NaN,NaN,94.63456319818455,NaN
1733149800,27.975,28.1,22.34,24.68,NaN,28.1,22.34,24.68,15.416258677337085,11.575336331653238,11.575336331653238,11.575336331653238,134612283,16.064,7.227099999999998,NaN,82.92309735432426,78.86146022945898,NaN,NaN,NaN,NaN,NaN,NaN
1733754600,24.96,25.09,21.87,24.42,NaN,25.09,21.87,24.42,15.417923539978698,12.696440948294816,12.696440948294816,12.696440948294816,87134052,17.526,7.604899999999998,NaN,81.83248132198231,80.67431106063454,NaN,NaN,NaN,NaN,NaN,NaN
1734359400,24.465,26.78,22.01,24.87,NaN,26.78,22.01,24.87,15.42111541085242,13.652922169353593,13.652922169353593,13.652922169353593,97097162,19.043,7.994299999999998,NaN,82.26718947441387,81.77011673183334,NaN,NaN,NaN,NaN,NaN,NaN
1734964200,24.97,28.8,24.34,27.22,NaN,28.8,24.34,27.22,15.428581626473893,14.40465975506494,14.40465975506494,14.40465975506494,58768465,20.684,8.435299999999998,NaN,84.37043123829903,83.01245139760415,NaN,NaN,NaN,NaN,NaN,NaN
1735569000,26.22,28.77,23.7,28.74,NaN,28.77,23.7,28.74,16.169256085615615,15.045619089222765,15.045619089222765,15.045619089222765,62767792,22.44,8.912899999999997,NaN,85.56316630030267,83.67831660321598,NaN,NaN,NaN,NaN,NaN,NaN
1736173800,28.99,30.26,25.89,26.91,NaN,30.26,25.89,26.91,16.175202375152427,15.470256428859011,15.470256428859011,15.470256428859011,75534247,23.989,9.353499999999999,NaN,77.85944634616811,83.78948892192021,NaN,NaN,NaN,NaN,NaN,NaN
1736778600,25.55,26.5,23.42,24,NaN,26.5,23.42,24,16.17662040163597,15.726977563453012,15.726977563453012,15.726977563453012,72083651,25.038,9.753999999999998,NaN,67.45841604427054,83.23322895265208,NaN,NaN,NaN,NaN,NaN,NaN
1737469800,26,33.34,25.52,30.36,NaN,33.34,25.52,30.36,17.016768176899404,16.01571799652235,16.01571799652235,16.01571799652235,137696635,26.174,10.274399999999998,NaN,75.24267913714833,82.98179751969614,NaN,NaN,NaN,NaN,NaN,NaN
1737988200,28.94,30.81,27.77,29.05,NaN,30.81,27.77,29.05,17.026391818471055,16.255717720365837,16.255717720365837,16.255717720365837,86692145,26.753000000000004,10.757599999999998,NaN,71.45137792802498,82.38595187974612,NaN,NaN,NaN,NaN,NaN,NaN
1738593000,27.19,30.16,26.45,27.41,NaN,30.16,26.45,27.41,17.03377114324006,16.469562714093612,16.469562714093612,16.469562714093612,85816195,26.766000000000002,11.218199999999998,NaN,66.90623185326268,81.41813403087859,NaN,NaN,NaN,NaN,NaN,NaN
1739197800,27.75,31.08,27.01,28.02,NaN,31.08,27.01,28.02,17.048521463882437,16.65569493189501,16.65569493189501,16.65569493189501,96958954,27.1,11.687799999999998,NaN,67.72852509645503,80.18076702717919,NaN,NaN,NaN,NaN,NaN,NaN
1739889000,28.27,29.7884,23.36,23.55,NaN,29.7884,23.36,23.55,17.04565665837515,16.803907336963483,16.803907336963483,16.803907336963483,79016116,27.013000000000005,12.070399999999998,NaN,56.625209268620125,77.72376538217272,NaN,NaN,NaN,NaN,NaN,NaN
1740407400,23.74,23.9,16.17,20.49,NaN,23.9,16.17,20.49,17.047367933539164,16.91198587977594,16.91198587977594,16.91198587977594,126604619,26.575,12.397799999999997,NaN,50.5194675833105,74.67016301034049,NaN,NaN,NaN,NaN,NaN,NaN
1741012200,21.24,21.45,17.51,18.8,NaN,21.45,17.51,18.8,17.053219959594482,16.98381970274723,16.98381970274723,16.98381970274723,105201050,25.733000000000004,12.692799999999998,NaN,47.47478795220474,71.30160763562765,NaN,NaN,NaN,NaN,NaN,NaN
1741613400,18.2,19.38,16.05,18.81,NaN,19.38,16.05,18.81,17.065977699428018,17.028020788655166,17.028020788655166,17.028020788655166,78229562,24.740000000000002,12.986799999999999,NaN,47.49495219294711,68.77102583838642,NaN,NaN,NaN,NaN,NaN,NaN
1742218200,19.09,19.95,17.78,18.94,NaN,19.95,17.78,18.94,17.079017523233023,17.051013697488884,17.051013697488884,17.051013697488884,62698730,23.943000000000005,13.289599999999998,NaN,47.775634647778396,66.33839393308615,NaN,NaN,NaN,NaN,NaN,NaN
1742823000,19.445,20.45,18.31,18.62,NaN,20.45,18.31,18.62,17.090643451008198,17.061989940596504,17.061989940596504,17.061989940596504,75911496,23.405,13.587399999999997,NaN,47.10805863353227,63.82702744445175,NaN,NaN,NaN,NaN,NaN,NaN
1743427800,17.89,19.75,15,16.37,NaN,19.75,15,16.37,17.10251649432745,17.071175949993453,17.071175949993453,17.071175949993453,83860749,22.006000000000004,13.843799999999998,NaN,42.60064271753041,60.84347112153971,NaN,NaN,42.60064271753041,NaN,NaN,NaN
1744032600,14.715,21.39,14.71,19.63,NaN,21.39,14.71,19.63,17.12672378810949,17.083212567332637,17.083212567332637,17.083212567332637,107580057,21.064000000000004,14.161,NaN,50.05700162496763,58.30731650187291,NaN,NaN,NaN,NaN,NaN,NaN
1744637400,20.31,22.1,18.66,19.74,NaN,22.1,18.66,19.74,17.143730551425854,17.09688552095049,17.09688552095049,17.09688552095049,67589477,20.297000000000004,14.4758,NaN,50.29164534298118,56.338187858788125,NaN,NaN,NaN,NaN,NaN,NaN
1745242200,19.47,22.56,18.21,22.38,NaN,22.56,18.21,22.38,17.16995431693881,17.113425064517898,17.113425064517898,17.113425064517898,65570809,19.733,14.841199999999999,NaN,55.67418208073124,55.49645686139247,NaN,NaN,NaN,NaN,NaN,NaN
1745847000,23.2,23.77,20.73,22.99,NaN,23.77,20.73,22.99,17.193708838288977,17.13202875248589,17.13202875248589,17.13202875248589,51311906,19.677000000000003,15.216,NaN,56.83717759936085,54.181778180121924,NaN,NaN,NaN,NaN,NaN,NaN
1746451800,22.56,23.2,20.2319,20.51,NaN,23.2,20.2319,20.51,17.21651628666838,17.152146828909185,17.152146828909185,17.152146828909185,69656124,19.679000000000002,15.542,NaN,50.98073483299719,52.71958938761993,NaN,NaN,NaN,NaN,NaN,NaN
1747056600,21.755,25.7499,20.885,25.57,NaN,25.7499,20.885,25.57,17.2506178682036,17.175236080842126,17.175236080842126,17.175236080842126,118964718,20.356,15.966,NaN,60.03009774327222,52.228436951192045,NaN,NaN,NaN,NaN,NaN,NaN
1747661400,24.3,26.66,23.9203,25.42,NaN,26.66,23.9203,25.42,17.281379929329713,17.200442953797534,17.200442953797534,17.200442953797534,85502841,21.017000000000003,16.3856,NaN,59.67838049772158,51.65342662271108,NaN,NaN,NaN,NaN,NaN,NaN
1748352600,26.6,30.78,26.03,26.79,NaN,30.78,26.03,26.79,17.319423489303315,17.228558437066326,17.228558437066326,17.228558437066326,81702969,21.802000000000003,16.8336,NaN,61.87544777535978,52.028443658906774,NaN,NaN,NaN,NaN,NaN,NaN
1748871000,26.5,29.09,25.52,28.92,NaN,29.09,25.52,28.92,17.367754594257814,17.260825756159342,17.260825756159342,17.260825756159342,97182247,22.832,17.311799999999998,NaN,65.0628480601369,53.067256550108695,NaN,NaN,NaN,NaN,NaN,NaN